,Barcode,Organism,SampleType,Amplicon,DiseaseState,DetailedDiagnosis,SeqCenter,Gender,BirthYear,Age,PatientGeo,MayoScore,Comment,dataset,sequencer,region,year,total_reads
ibd_willing-CCD-p11-f19,AATCTCTGA,human,stool,v5-v6,CD,CCD,RIT,F,1986.0,20.0,Sweden,,,ibd_willing,454,V5-V6,2009,346
ibd_willing-CCD-p9-f17,AAATACGAT,human,stool,v5-v6,CD,CCD,RIT,M,1947.0,59.0,Sweden,,,ibd_willing,454,V5-V6,2009,569
ibd_willing-CCD-p9-f20,AATCGCGTA,human,stool,v5-v6,CD,CCD,RIT,M,1947.0,59.0,Sweden,,,ibd_willing,454,V5-V6,2009,294
ibd_willing-ICD-p10-f18,AAATCCATG,human,stool,v5-v6,CD,ICD,RIT,F,1962.0,44.0,Sweden,,,ibd_willing,454,V5-V6,2009,453
ibd_willing-H-p12-f22,AACAACATG,human,stool,v5-v6,H,H,RIT,M,1953.0,53.0,Sweden,,,ibd_willing,454,V5-V6,2009,1399
ibd_willing-ICD-p10-f21,AATGTCGAT,human,stool,v5-v6,CD,ICD,RIT,F,1962.0,44.0,Sweden,,,ibd_willing,454,V5-V6,2009,781
ibd_willing-CCD-p12-f23,AACACCTGA,human,stool,v5-v6,CD,CCD,RIT,M,1953.0,53.0,Sweden,,,ibd_willing,454,V5-V6,2009,2005
ibd_willing-CCD-p13-f24,AACTTCGTA,human,stool,v5-v6,CD,CCD,RIT,F,1943.0,63.0,Sweden,,,ibd_willing,454,V5-V6,2009,839
ibd_willing-H-p11-f26,AACGACATG,human,stool,v5-v6,H,H,RIT,F,1986.0,20.0,Sweden,,,ibd_willing,454,V5-V6,2009,1088
ibd_willing-CCD-p14-f28,AAGTACGTA,human,stool,v5-v6,CD,CCD,RIT,M,1936.0,70.0,Sweden,,,ibd_willing,454,V5-V6,2009,854
ibd_willing-H-p14-f27,AAGAACTGA,human,stool,v5-v6,H,H,RIT,M,1936.0,70.0,Sweden,,,ibd_willing,454,V5-V6,2009,837
ibd_willing-H-p13-f25,AACCTCGAT,human,stool,v5-v6,H,H,RIT,F,1943.0,63.0,Sweden,,,ibd_willing,454,V5-V6,2009,583
ibd_willing-ICD-p16-f31,AAGGTCTGA,human,stool,v5-v6,CD,ICD,RIT,F,1954.0,52.0,Sweden,,,ibd_willing,454,V5-V6,2009,1375
ibd_willing-ICD-p15-f29,AAGTGCGAT,human,stool,v5-v6,CD,ICD,RIT,M,1953.0,53.0,Sweden,,,ibd_willing,454,V5-V6,2009,1529
ibd_willing-CCD-p17-f32,ATAAACGTA,human,stool,v5-v6,CD,ICCD+U,RIT,M,1976.0,30.0,Sweden,,reclasssified: was uiCD-p17-f32,ibd_willing,454,V5-V6,2009,887
ibd_willing-ICD-p15-f30,AAGCCCATG,human,stool,v5-v6,CD,ICD,RIT,M,1953.0,53.0,Sweden,,,ibd_willing,454,V5-V6,2009,911
ibd_willing-CCD-p17-f34,ATATCCATG,human,stool,v5-v6,CD,CCD,RIT,M,1976.0,30.0,Sweden,,,ibd_willing,454,V5-V6,2009,768
ibd_willing-H-p18-f36,ATAGACGTA,human,stool,v5-v6,H,H,RIT,M,1953.0,53.0,Sweden,,,ibd_willing,454,V5-V6,2009,806
ibd_willing-ICD-p18-f33,ATAAGCGAT,human,stool,v5-v6,CD,ICD,RIT,M,1953.0,53.0,Sweden,,,ibd_willing,454,V5-V6,2009,525
ibd_willing-H-p16-f35,ATACTCTGA,human,stool,v5-v6,H,H,RIT,F,1954.0,52.0,Sweden,,,ibd_willing,454,V5-V6,2009,752
ibd_willing-H-p19-f70,ATCTACTGA,human,stool,v5-v6,H,H,RIT,M,1937.0,69.0,Sweden,,,ibd_willing,454,V5-V6,2009,1677
ibd_willing-H-p21-f101,ATGCGCATG,human,stool,v5-v6,H,H,RIT,F,1939.0,67.0,Sweden,,,ibd_willing,454,V5-V6,2009,1411
ibd_willing-ICD-p21-f88,ATGTACGAT,human,stool,v5-v6,CD,ICD,RIT,F,1939.0,67.0,Sweden,,,ibd_willing,454,V5-V6,2009,2161
ibd_willing-UC-p19-f82,ATCGGCGTA,human,stool,v5-v6,UC,UC-PROC,RIT,M,1937.0,69.0,Sweden,0,,ibd_willing,454,V5-V6,2009,1410
ibd_willing-UC-p20-f40,ATTAACGAT,human,stool,v5-v6,UC,UC-LS,RIT,M,1938.0,68.0,Sweden,0,,ibd_willing,454,V5-V6,2009,740
ibd_willing-ICD-p22-f116,ACATTCGTA,human,stool,v5-v6,CD,ICD,RIT,M,1940.0,66.0,Sweden,,reclassified: was ICCD-p22-f116,ibd_willing,454,V5-V6,2009,1532
ibd_willing-UC-p20-f43,ATTAGCATG,human,stool,v5-v6,UC,UC-LS,RIT,M,1938.0,68.0,Sweden,0,,ibd_willing,454,V5-V6,2009,932
ibd_willing-ICD-p22-f39,ATAGTCTGA,human,stool,v5-v6,CD,ICD,RIT,M,1940.0,66.0,Sweden,,,ibd_willing,454,V5-V6,2009,1589
ibd_willing-ICD-p23-f112,ACAATCATG,human,stool,v5-v6,CD,ICD,RIT,F,1947.0,59.0,Sweden,,,ibd_willing,454,V5-V6,2009,1263
ibd_willing-UC-p24-f77,ATCCCCGTA,human,stool,v5-v6,UC,UC-LS,RIT,M,1948.0,58.0,Sweden,0,,ibd_willing,454,V5-V6,2009,1805
ibd_willing-H-p24-f68,ATCACCTGA,human,stool,v5-v6,H,H,RIT,M,1948.0,58.0,Sweden,,,ibd_willing,454,V5-V6,2009,1933
ibd_willing-ICD-p23-f100,ATGCCCGAT,human,stool,v5-v6,CD,ICD,RIT,F,1947.0,59.0,Sweden,,,ibd_willing,454,V5-V6,2009,2017
ibd_willing-ICD-p27-f64,ATTGGCTGA,human,stool,v5-v6,CD,ICD+U,RIT,F,1953.0,53.0,Sweden,,reclassified: was uiCD-p27-f64,ibd_willing,454,V5-V6,2009,1501
ibd_willing-UC-p25-f115,ACATACATG,human,stool,v5-v6,UC,UC-EXT,RIT,F,1941.0,65.0,Sweden,0,,ibd_willing,454,V5-V6,2009,1265
ibd_willing-H-p27-f103,ATGGTCGTA,human,stool,v5-v6,H,H,RIT,F,1953.0,53.0,Sweden,,,ibd_willing,454,V5-V6,2009,1525
ibd_willing-H-p25-f58,ATTGACGAT,human,stool,v5-v6,H,H,RIT,F,1941.0,65.0,Sweden,,,ibd_willing,454,V5-V6,2009,921
ibd_willing-ICD-p28-f53,ATTCACGAT,human,stool,v5-v6,CD,ICD,RIT,M,1947.0,59.0,Sweden,,,ibd_willing,454,V5-V6,2009,1179
ibd_willing-UC-p26-f44,ATTTACTGA,human,stool,v5-v6,UC,UC-EXT,RIT,M,1954.0,52.0,Sweden,1,,ibd_willing,454,V5-V6,2009,1460
ibd_willing-H-p26-f94,ATGCACGTA,human,stool,v5-v6,H,H,RIT,M,1954.0,52.0,Sweden,,,ibd_willing,454,V5-V6,2009,1501
ibd_willing-H-p28-f55,ATTCCCATG,human,stool,v5-v6,H,H,RIT,M,1947.0,59.0,Sweden,,,ibd_willing,454,V5-V6,2009,967
ibd_willing-H-p29-f48,ATTTTCTGA,human,stool,v5-v6,H,H,RIT,F,1955.0,51.0,Sweden,,,ibd_willing,454,V5-V6,2009,1553
ibd_willing-ICD-p29-f110,ACAAACGTA,human,stool,v5-v6,CD,ICD,RIT,F,1955.0,51.0,Sweden,,,ibd_willing,454,V5-V6,2009,1419
ibd_willing-UC-p37-f52,ATTTGCGAT,human,stool,v5-v6,UC,UC-EXT,RIT,F,1943.0,63.0,Sweden,in_remission,,ibd_willing,454,V5-V6,2009,1428
ibd_willing-H-p37-f113,ACAACCATG,human,stool,v5-v6,H,H,RIT,F,1943.0,63.0,Sweden,,,ibd_willing,454,V5-V6,2009,1238
ibd_willing-H-p30-f85,ATGATCATG,human,stool,v5-v6,H,H,RIT,F,1958.0,48.0,Sweden,,,ibd_willing,454,V5-V6,2009,713
ibd_willing-ICCD-p30-f57,ATTCGCGAT,human,stool,v5-v6,CD,ICCD,RIT,F,1958.0,48.0,Sweden,,,ibd_willing,454,V5-V6,2009,471
ibd_willing-H-p38-f63,ATTGCCGTA,human,stool,v5-v6,H,H,RIT,F,1964.0,42.0,Sweden,,,ibd_willing,454,V5-V6,2009,607
ibd_willing-UC-p38-f38,ATAGCCTGA,human,stool,v5-v6,UC,UC-PROC,RIT,F,1964.0,42.0,Sweden,1,,ibd_willing,454,V5-V6,2009,786
ibd_willing-UC-p39-f104,ATGGCCGAT,human,stool,v5-v6,UC,UC-EXT,RIT,F,1977.0,29.0,Sweden,1,,ibd_willing,454,V5-V6,2009,1083
ibd_willing-H-p31-f61,ATTGTCGTA,human,stool,v5-v6,H,H,RIT,F,1962.0,44.0,Sweden,,,ibd_willing,454,V5-V6,2009,1375
ibd_willing-H-p39-f105,ATGGGCATG,human,stool,v5-v6,H,H,RIT,F,1977.0,29.0,Sweden,,,ibd_willing,454,V5-V6,2009,1032
ibd_willing-CCD-p31-f41,ATTATCTGA,human,stool,v5-v6,CD,CCD,RIT,F,1962.0,44.0,Sweden,,,ibd_willing,454,V5-V6,2009,942
ibd_willing-uiCD-p32-f91,ATGTCCGAT,human,stool,v5-v6,CD,ICCD,RIT,F,1965.0,41.0,Sweden,,,ibd_willing,454,V5-V6,2009,1340
ibd_willing-H-p40-f81,ATCGCCGTA,human,stool,v5-v6,H,H,RIT,M,1946.0,60.0,Sweden,,,ibd_willing,454,V5-V6,2009,1899
ibd_willing-H-p32-f98,ATGCTCATG,human,stool,v5-v6,H,H,RIT,F,1965.0,41.0,Sweden,,,ibd_willing,454,V5-V6,2009,992
ibd_willing-UC-p40-f73,ATCTGCTGA,human,stool,v5-v6,UC,UC-LS,RIT,M,1946.0,60.0,Sweden,2,,ibd_willing,454,V5-V6,2009,1537
ibd_willing-H-p33-f93,ATGTGCGTA,human,stool,v5-v6,H,H,RIT,M,1946.0,60.0,Sweden,,,ibd_willing,454,V5-V6,2009,1637
ibd_willing-ICD-p33-f83,ATGAACTGA,human,stool,v5-v6,CD,ICD,RIT,M,1946.0,60.0,Sweden,,,ibd_willing,454,V5-V6,2009,1292
ibd_willing-UC-p41-f102,ATGGACATG,human,stool,v5-v6,UC,UC-PROC,RIT,M,1947.0,59.0,Sweden,in_remission,,ibd_willing,454,V5-V6,2009,1104
ibd_willing-H-p41-f87,ATGAGCGAT,human,stool,v5-v6,H,H,RIT,M,1947.0,59.0,Sweden,,,ibd_willing,454,V5-V6,2009,1041
ibd_willing-CCD-p34-f67,ATCATCGAT,human,stool,v5-v6,CD,CCD,RIT,F,1948.0,58.0,Sweden,,,ibd_willing,454,V5-V6,2009,969
ibd_willing-H-p42-f79,ATCGACGTA,human,stool,v5-v6,H,H,RIT,F,1951.0,55.0,Sweden,,,ibd_willing,454,V5-V6,2009,1005
ibd_willing-H-p34-f75,ATCCACATG,human,stool,v5-v6,H,H,RIT,F,1948.0,58.0,Sweden,,,ibd_willing,454,V5-V6,2009,1141
ibd_willing-UC-p42-f76,ATCCTCTGA,human,stool,v5-v6,UC,UC-PROC,RIT,F,1951.0,55.0,Sweden,1,,ibd_willing,454,V5-V6,2009,1129
ibd_willing-CCD-p35-f72,ATCTCCTGA,human,stool,v5-v6,CD,CCD,RIT,F,1957.0,49.0,Sweden,,,ibd_willing,454,V5-V6,2009,1282
ibd_willing-H-p35-f78,ATCCGCGTA,human,stool,v5-v6,H,H,RIT,F,1957.0,49.0,Sweden,,,ibd_willing,454,V5-V6,2009,1057
ibd_willing-H-p43-f42,ATTACCGAT,human,stool,v5-v6,H,H,RIT,F,1953.0,53.0,Sweden,,,ibd_willing,454,V5-V6,2009,906
ibd_willing-UC-p43-f51,ATTTCCATG,human,stool,v5-v6,UC,UC-LS,RIT,F,1953.0,53.0,Sweden,0,,ibd_willing,454,V5-V6,2009,985
ibd_willing-CCD-p36-f114,ACAAGCATG,human,stool,v5-v6,CD,CCD,RIT,F,1977.0,29.0,Sweden,,,ibd_willing,454,V5-V6,2009,162
ibd_willing-H-p36-f89,ATGTTCGAT,human,stool,v5-v6,H,H,RIT,F,1977.0,29.0,Sweden,,,ibd_willing,454,V5-V6,2009,208
ibd_willing-UC-p44-f54,ATTCTCTGA,human,stool,v5-v6,UC,UC-LS,RIT,F,1969.0,37.0,Sweden,moderate,,ibd_willing,454,V5-V6,2009,197
ibd_willing-H-p44-f86,ATGACCGTA,human,stool,v5-v6,H,H,RIT,F,1969.0,37.0,Sweden,,,ibd_willing,454,V5-V6,2009,217
ibd_willing-H-p46-f69,ATCAGCTGA,human,stool,v5-v6,H,H,RIT,F,1956.0,50.0,Sweden,,,ibd_willing,454,V5-V6,2009,2316
ibd_willing-H-p45-f80,ATCGTCATG,human,stool,v5-v6,H,H,RIT,F,1970.0,36.0,Sweden,,,ibd_willing,454,V5-V6,2009,1194
ibd_willing-UC-p46-f71,ATCTTCGTA,human,stool,v5-v6,UC,UC-LS,RIT,F,1956.0,50.0,Sweden,1,,ibd_willing,454,V5-V6,2009,1108
ibd_willing-UC-p45-f66,ATCAACGAT,human,stool,v5-v6,UC,UC-PROC,RIT,F,1970.0,36.0,Sweden,1,,ibd_willing,454,V5-V6,2009,1228
ibd_willing-H-p1-f1,AAAAACGAT,human,stool,v5-v6,H,H,RIT,F,1961.0,45.0,Sweden,,,ibd_willing,454,V5-V6,2009,1229
ibd_willing-H-p1-f8,AAAATCATG,human,stool,v5-v6,H,H,RIT,F,1961.0,45.0,Sweden,,,ibd_willing,454,V5-V6,2009,1254
ibd_willing-H-p6-f12,AAAAGCGTA,human,stool,v5-v6,H,H,RIT,F,1951.0,55.0,Sweden,,,ibd_willing,454,V5-V6,2009,1728
ibd_willing-H-p6-f11,AAAACCTGA,human,stool,v5-v6,H,H,RIT,F,1951.0,55.0,Sweden,,,ibd_willing,454,V5-V6,2009,1583
